"SUBJECT","ACTIVITY_NAME","tBodyAcc-mean()-X","tBodyAcc-mean()-Y","tBodyAcc-mean()-Z","tBodyAcc-std()-X","tBodyAcc-std()-Y","tBodyAcc-std()-Z","tGravityAcc-mean()-X","tGravityAcc-mean()-Y","tGravityAcc-mean()-Z","tGravityAcc-std()-X","tGravityAcc-std()-Y","tGravityAcc-std()-Z","tBodyAccJerk-mean()-X","tBodyAccJerk-mean()-Y","tBodyAccJerk-mean()-Z","tBodyAccJerk-std()-X","tBodyAccJerk-std()-Y","tBodyAccJerk-std()-Z","tBodyGyro-mean()-X","tBodyGyro-mean()-Y","tBodyGyro-mean()-Z","tBodyGyro-std()-X","tBodyGyro-std()-Y","tBodyGyro-std()-Z","tBodyGyroJerk-mean()-X","tBodyGyroJerk-mean()-Y","tBodyGyroJerk-mean()-Z","tBodyGyroJerk-std()-X","tBodyGyroJerk-std()-Y","tBodyGyroJerk-std()-Z","tBodyAccMag-mean()","tBodyAccMag-std()","tGravityAccMag-mean()","tGravityAccMag-std()","tBodyAccJerkMag-mean()","tBodyAccJerkMag-std()","tBodyGyroMag-mean()","tBodyGyroMag-std()","tBodyGyroJerkMag-mean()","tBodyGyroJerkMag-std()","fBodyAcc-mean()-X","fBodyAcc-mean()-Y","fBodyAcc-mean()-Z","fBodyAcc-std()-X","fBodyAcc-std()-Y","fBodyAcc-std()-Z","fBodyAcc-meanFreq()-X","fBodyAcc-meanFreq()-Y","fBodyAcc-meanFreq()-Z","fBodyAccJerk-mean()-X","fBodyAccJerk-mean()-Y","fBodyAccJerk-mean()-Z","fBodyAccJerk-std()-X","fBodyAccJerk-std()-Y","fBodyAccJerk-std()-Z","fBodyAccJerk-meanFreq()-X","fBodyAccJerk-meanFreq()-Y","fBodyAccJerk-meanFreq()-Z","fBodyGyro-mean()-X","fBodyGyro-mean()-Y","fBodyGyro-mean()-Z","fBodyGyro-std()-X","fBodyGyro-std()-Y","fBodyGyro-std()-Z","fBodyGyro-meanFreq()-X","fBodyGyro-meanFreq()-Y","fBodyGyro-meanFreq()-Z","fBodyAccMag-mean()","fBodyAccMag-std()","fBodyAccMag-meanFreq()","fBodyBodyAccJerkMag-mean()","fBodyBodyAccJerkMag-std()","fBodyBodyAccJerkMag-meanFreq()","fBodyBodyGyroMag-mean()","fBodyBodyGyroMag-std()","fBodyBodyGyroMag-meanFreq()","fBodyBodyGyroJerkMag-mean()","fBodyBodyGyroJerkMag-std()","fBodyBodyGyroJerkMag-meanFreq()"
1,"LAYING",0.269967,-0.0192389,-0.108344,-0.964536,-0.946722,-0.947347,-0.283329,0.589045,0.532423,-0.949903,-0.970972,-0.956049,0.0792949,0.00999586,-0.00287326,-0.979814,-0.971099,-0.979838,-0.0179057,-0.0877918,0.119813,-0.965673,-0.963415,-0.964201,-0.101325,-0.0390204,-0.0623318,-0.97397,-0.979527,-0.983547,-0.950259,-0.936715,-0.950259,-0.936715,-0.979529,-0.973616,-0.942295,-0.937501,-0.982155,-0.973907,-0.969283,-0.955329,-0.960504,-0.963006,-0.945692,-0.944352,-0.204945,0.124211,0.168006,-0.979743,-0.971394,-0.976894,-0.981801,-0.972935,-0.981412,0.107178,0.0105239,0.0558231,-0.959809,-0.966637,-0.964119,-0.967847,-0.962135,-0.967561,-0.0124511,-0.0766405,0.0876249,-0.951921,-0.938901,0.107344,-0.974084,-0.972042,0.27707,-0.951617,-0.939554,-0.0114062,-0.97573,-0.973282,0.144076
1,"SITTING",0.274852,-0.0118858,-0.105675,-0.984665,-0.938306,-0.951366,0.862999,0.104689,0.140297,-0.980774,-0.957376,-0.95549,0.0759785,0.00413674,-0.00404499,-0.987344,-0.978228,-0.98558,-0.0382869,-0.0711121,0.0830266,-0.984793,-0.972489,-0.962277,-0.0952587,-0.0412207,-0.0523095,-0.990434,-0.989767,-0.987174,-0.960967,-0.946196,-0.960967,-0.946196,-0.985529,-0.98331,-0.950688,-0.956795,-0.991199,-0.988796,-0.984891,-0.952006,-0.964759,-0.984677,-0.935473,-0.947856,-0.0553629,0.0645286,0.127793,-0.987553,-0.978322,-0.983226,-0.988285,-0.979776,-0.986556,0.180857,-0.0376027,0.0342194,-0.982282,-0.977232,-0.965269,-0.985671,-0.970227,-0.964866,0.085895,-0.159224,0.000705771,-0.958657,-0.948085,0.142001,-0.983293,-0.982247,0.305171,-0.969047,-0.956755,-0.0507957,-0.989446,-0.988472,0.213503
1,"STANDING",0.278883,-0.0165639,-0.107896,-0.988011,-0.948168,-0.955116,0.937704,-0.191598,-0.0108479,-0.988435,-0.974985,-0.963682,0.0752445,0.00915071,-0.00365035,-0.985425,-0.972652,-0.985007,-0.0270753,-0.0699176,0.0819435,-0.956219,-0.971906,-0.969332,-0.0999638,-0.0417031,-0.0527213,-0.977224,-0.986239,-0.984405,-0.965629,-0.960241,-0.965629,-0.960241,-0.983089,-0.980155,-0.953467,-0.944439,-0.98541,-0.98193,-0.986124,-0.956247,-0.968894,-0.989007,-0.94692,-0.951173,0.0155474,-0.00534182,0.0864291,-0.985404,-0.972656,-0.982395,-0.986824,-0.974766,-0.986286,0.230142,-0.085266,0.0412732,-0.956537,-0.975086,-0.970677,-0.956885,-0.970437,-0.97177,-0.208618,-0.167545,-0.0542005,-0.967529,-0.962115,0.0850804,-0.979605,-0.97981,0.311216,-0.960765,-0.944358,-0.158744,-0.982863,-0.981759,0.142572
1,"WALKING",0.274866,-0.0181503,-0.109248,-0.297977,-0.0115931,-0.294659,0.925749,-0.211045,-0.0369403,-0.977548,-0.967109,-0.953468,0.0768142,0.0159879,0.000500165,-0.240876,-0.100118,-0.50874,-0.0314518,-0.0704808,0.0827784,-0.475346,-0.31423,-0.333464,-0.0957029,-0.0432956,-0.0501799,-0.372499,-0.530307,-0.467581,-0.159782,-0.324797,-0.159782,-0.324797,-0.233355,-0.215518,-0.259707,-0.375562,-0.467011,-0.529404,-0.273654,-0.0327079,-0.361673,-0.309067,-0.0646875,-0.316006,-0.304726,0.0491172,0.0646542,-0.290723,-0.164012,-0.475313,-0.257225,-0.0915754,-0.54095,-0.285237,-0.354684,-0.204429,-0.354903,-0.372903,-0.308757,-0.514789,-0.288528,-0.404858,-0.0790779,-0.153426,-0.116236,-0.264824,-0.467298,0.162619,-0.213448,-0.225135,0.0714821,-0.408681,-0.463029,0.150238,-0.532916,-0.559242,0.144528
1,"WALKING_DOWNSTAIRS",0.287848,-0.0156819,-0.10777,0.12413,0.0534213,-0.165756,0.920161,-0.184652,-0.0319022,-0.945348,-0.934072,-0.909272,0.0803597,0.00259335,-0.0108889,-0.00498959,-0.0931785,-0.384098,-0.0773915,-0.0596595,0.0804862,-0.344827,-0.326447,-0.23521,-0.0680368,-0.0530668,-0.0524189,-0.451994,-0.459495,-0.339115,0.125529,0.120829,0.125529,0.120829,-0.098385,-0.0061984,-0.111753,-0.265726,-0.428948,-0.465414,0.0451438,0.0409767,-0.197355,0.150914,-0.00838075,-0.218272,-0.389697,-0.015687,0.0931601,-0.0520859,-0.133649,-0.326495,-0.0464269,-0.111334,-0.441031,-0.319205,-0.404431,-0.214844,-0.257777,-0.304327,-0.141068,-0.377532,-0.348376,-0.340591,-0.209025,-0.0467637,-0.0734425,0.158578,-0.07826,0.0432106,0.0154861,-0.044214,0.0283499,-0.307687,-0.370437,0.0537985,-0.455735,-0.51843,0.113416
1,"WALKING_UPSTAIRS",0.26095,-0.0237443,-0.11675,-0.248403,-0.00605334,-0.141031,0.863515,-0.28157,-0.0594874,-0.949093,-0.9284,-0.9025,0.0798287,0.0103867,-0.0045063,-0.377867,-0.340331,-0.642029,-0.00177987,-0.0820061,0.0558883,-0.486646,-0.254441,-0.287741,-0.108152,-0.040942,-0.0479477,-0.59042,-0.673882,-0.593225,-0.0951869,-0.239151,-0.0951869,-0.239151,-0.399767,-0.40461,-0.158436,-0.303986,-0.622853,-0.687412,-0.30385,-0.139091,-0.373791,-0.229284,-0.00651963,-0.0976625,-0.445842,-0.174209,-0.313896,-0.409296,-0.370378,-0.606887,-0.401592,-0.3529,-0.676366,-0.368743,-0.4676,-0.444134,-0.43028,-0.430002,-0.345092,-0.50947,-0.174194,-0.338625,-0.243724,-0.405299,-0.265716,-0.26182,-0.346869,-0.0846268,-0.3696,-0.458305,0.0588068,-0.432186,-0.343563,-0.210398,-0.673529,-0.730231,0.111205
2,"LAYING",0.27338,-0.0176864,-0.106093,-0.960742,-0.941502,-0.94632,-0.427917,0.623189,0.623577,-0.941529,-0.95144,-0.941616,0.08125,0.0116919,-0.00613951,-0.983488,-0.976437,-0.982704,-0.0178872,-0.0950194,0.122827,-0.970908,-0.966508,-0.964846,-0.100835,-0.0377122,-0.063492,-0.981743,-0.983586,-0.987906,-0.9284,-0.928009,-0.9284,-0.928009,-0.982567,-0.979899,-0.938445,-0.945765,-0.985673,-0.982042,-0.968294,-0.95312,-0.960039,-0.958235,-0.939512,-0.94332,-0.295261,0.151625,0.238547,-0.983227,-0.976429,-0.980256,-0.985364,-0.978244,-0.983774,0.109636,0.0150292,0.0876088,-0.968137,-0.971808,-0.967129,-0.972062,-0.964168,-0.967469,0.00994839,-0.157232,0.154426,-0.94701,-0.930003,0.120649,-0.97972,-0.979136,0.317276,-0.960638,-0.946225,-0.0159752,-0.98268,-0.982263,0.212908
2,"SITTING",0.274097,-0.0140843,-0.106845,-0.986617,-0.949035,-0.946694,0.888322,0.111477,0.175265,-0.983347,-0.966871,-0.95244,0.0762602,0.00747518,-0.00164183,-0.98723,-0.977443,-0.9839,-0.0358777,-0.0725201,0.0739211,-0.985494,-0.970106,-0.964406,-0.0964178,-0.0406382,-0.0501512,-0.988974,-0.987601,-0.986394,-0.962483,-0.950788,-0.962483,-0.950788,-0.984763,-0.981884,-0.954665,-0.958704,-0.989586,-0.986678,-0.985996,-0.957483,-0.962633,-0.987001,-0.947688,-0.94237,-0.0289221,0.0836732,0.0753645,-0.987297,-0.977323,-0.981291,-0.988352,-0.979329,-0.985144,0.210151,-0.0460385,0.0158321,-0.98238,-0.975183,-0.966635,-0.986534,-0.967709,-0.967037,0.0556367,-0.242127,-0.00771506,-0.960419,-0.95321,0.128878,-0.981351,-0.981487,0.289059,-0.969416,-0.95923,-0.0782018,-0.987143,-0.986727,0.184991
2,"STANDING",0.278595,-0.0168302,-0.107472,-0.985641,-0.93531,-0.943851,0.937152,-0.210674,0.00656965,-0.989695,-0.973419,-0.957999,0.0752563,0.0101531,-0.00396095,-0.980344,-0.963869,-0.97926,-0.0256644,-0.0712791,0.0807003,-0.946765,-0.961584,-0.95964,-0.100587,-0.041881,-0.0532041,-0.965243,-0.980068,-0.976879,-0.957118,-0.950755,-0.957118,-0.950755,-0.977099,-0.971414,-0.944883,-0.932476,-0.977945,-0.972796,-0.982708,-0.944315,-0.958795,-0.987114,-0.934431,-0.940117,0.036851,-0.0308287,0.0490192,-0.980363,-0.964102,-0.975845,-0.982171,-0.96634,-0.981375,0.215539,-0.146127,0.00504242,-0.944069,-0.965242,-0.960302,-0.948377,-0.959915,-0.963228,-0.2421,-0.226263,-0.0883851,-0.958327,-0.953887,0.0514079,-0.971184,-0.970744,0.238667,-0.94932,-0.93389,-0.19349,-0.973984,-0.97299,0.0706111
2,"WALKING",0.276922,-0.0180575,-0.108725,-0.331845,-0.0483717,-0.258032,0.933467,-0.213204,0.0131484,-0.976403,-0.967582,-0.955161,0.0765367,0.0116879,-0.00326728,-0.2882,-0.110019,-0.435517,-0.0416932,-0.0644844,0.0946886,-0.477946,-0.367813,-0.334549,-0.0877483,-0.0476161,-0.0594837,-0.391128,-0.493566,-0.45101,-0.181767,-0.355842,-0.181767,-0.355842,-0.243732,-0.214069,-0.286191,-0.379695,-0.455508,-0.474689,-0.314348,-0.0517352,-0.312831,-0.340112,-0.108867,-0.287715,-0.273446,0.0534884,0.108396,-0.324859,-0.170674,-0.413288,-0.314508,-0.104594,-0.45722,-0.224258,-0.340869,-0.256182,-0.354304,-0.402142,-0.313551,-0.519209,-0.354585,-0.40375,-0.0585962,-0.0637052,-0.0763227,-0.287328,-0.499867,0.211965,-0.218905,-0.215094,0.103392,-0.400644,-0.47551,0.184685,-0.505054,-0.474459,0.114093
2,"WALKING_DOWNSTAIRS",0.29023,-0.016752,-0.105667,0.0779812,0.0961943,-0.196379,0.92243,-0.179716,0.0329245,-0.950605,-0.935055,-0.917765,0.0893773,0.00288151,-0.00772791,-0.0783381,-0.0613912,-0.372318,-0.0805477,-0.0460799,0.105837,-0.329851,-0.346371,-0.289399,-0.0797683,-0.048529,-0.0559553,-0.328716,-0.469922,-0.356886,0.0899336,0.106281,0.0899336,0.106281,-0.126093,-0.0281007,-0.137839,-0.250087,-0.413942,-0.428363,0.0131841,0.0880456,-0.204497,0.0981239,0.0284996,-0.259432,-0.422516,-0.0102066,0.10657,-0.110168,-0.0997685,-0.317203,-0.129603,-0.0852297,-0.426894,-0.327267,-0.381018,-0.265579,-0.18685,-0.323646,-0.18749,-0.378811,-0.36995,-0.392818,-0.136522,-0.0492487,-0.028916,0.119951,-0.0763048,0.000240378,-0.0210737,-0.0473927,0.0164682,-0.287505,-0.359964,0.063652,-0.431768,-0.466588,0.0814666
2,"WALKING_UPSTAIRS",0.262523,-0.0264837,-0.1243,-0.231883,-0.0202349,-0.184436,0.867569,-0.301181,-0.0399288,-0.947071,-0.929404,-0.905776,0.0821105,0.0051531,-0.00965211,-0.349674,-0.354643,-0.597314,0.025879,-0.0954767,0.0590027,-0.490499,-0.407906,-0.194829,-0.118982,-0.0374991,-0.0575968,-0.550345,-0.657854,-0.564783,-0.103082,-0.252079,-0.103082,-0.252079,-0.389005,-0.360011,-0.203813,-0.377992,-0.607754,-0.654771,-0.284813,-0.141094,-0.345867,-0.213767,-0.0244529,-0.168388,-0.422125,-0.175654,-0.228144,-0.368752,-0.370963,-0.558318,-0.38981,-0.382831,-0.635509,-0.285414,-0.422344,-0.419371,-0.406606,-0.478299,-0.284115,-0.520357,-0.379647,-0.243539,-0.185178,-0.237731,-0.277082,-0.25277,-0.36969,-0.0218421,-0.331315,-0.404657,0.0734301,-0.474625,-0.425538,-0.119336,-0.648757,-0.688855,0.0927485
3,"LAYING",0.278443,-0.0192175,-0.102551,-0.979375,-0.957892,-0.965469,-0.296369,0.781684,0.590922,-0.980949,-0.985301,-0.974601,0.076047,0.0121941,-0.00224456,-0.979068,-0.969951,-0.980727,-0.0239799,-0.0741294,0.114585,-0.974078,-0.971317,-0.966361,-0.101229,-0.0387175,-0.0638762,-0.982157,-0.983366,-0.981976,-0.971221,-0.96207,-0.971221,-0.96207,-0.979351,-0.972685,-0.95725,-0.952679,-0.985851,-0.979447,-0.97755,-0.960536,-0.969387,-0.980167,-0.958507,-0.965352,-0.152971,0.149432,0.224024,-0.978591,-0.970313,-0.977272,-0.981653,-0.971781,-0.982953,0.104419,-0.0814719,0.0555498,-0.971027,-0.972834,-0.965118,-0.975192,-0.970723,-0.969878,-0.073712,-0.139765,0.105146,-0.964101,-0.966071,0.204656,-0.972768,-0.971478,0.203351,-0.963216,-0.953958,-0.0533029,-0.980854,-0.97881,0.108871
3,"SITTING",0.263255,-0.00597447,-0.0989875,-0.97787,-0.900801,-0.916195,0.85997,0.120388,0.250917,-0.968767,-0.934074,-0.929769,0.0744568,0.00654951,-0.00344387,-0.982297,-0.968201,-0.982005,-0.0370714,-0.0747584,0.0810615,-0.977779,-0.962053,-0.94199,-0.0990728,-0.0386483,-0.0534674,-0.984143,-0.986171,-0.981568,-0.929159,-0.909786,-0.929159,-0.909786,-0.979261,-0.977159,-0.939201,-0.94462,-0.986558,-0.984663,-0.978233,-0.925719,-0.944249,-0.977928,-0.895523,-0.908854,-0.0524551,0.000864188,0.0722884,-0.982469,-0.968439,-0.979076,-0.983753,-0.970298,-0.983583,0.172744,-0.113247,-0.0316411,-0.973586,-0.970223,-0.949222,-0.979147,-0.958207,-0.945141,0.0153812,-0.245848,-0.0450758,-0.934499,-0.912108,0.051238,-0.976732,-0.976753,0.304184,-0.961464,-0.943976,-0.13243,-0.985432,-0.984443,0.157599
3,"STANDING",0.278604,-0.0156547,-0.10513,-0.972061,-0.892567,-0.912123,0.951514,-0.202695,0.0245376,-0.989101,-0.95778,-0.938509,0.0751645,0.00986493,-0.00316485,-0.962664,-0.949373,-0.971013,-0.0261136,-0.0627008,0.0732745,-0.905844,-0.934139,-0.921445,-0.099586,-0.0455377,-0.0467707,-0.950369,-0.968287,-0.964465,-0.927959,-0.915845,-0.927959,-0.915845,-0.965165,-0.94975,-0.902808,-0.884644,-0.967579,-0.956852,-0.96597,-0.91368,-0.938811,-0.975091,-0.889061,-0.906023,-0.0704332,-0.182106,-0.0102625,-0.962677,-0.95035,-0.966086,-0.966297,-0.952058,-0.974789,0.068013,-0.262007,-0.0869468,-0.908392,-0.941604,-0.926805,-0.906771,-0.931162,-0.927332,-0.344513,-0.309294,-0.238713,-0.929466,-0.921786,-0.0549901,-0.950953,-0.947436,0.0903153,-0.915534,-0.886111,-0.313995,-0.959796,-0.956083,-0.0752499
3,"WALKING",0.276011,-0.0173941,-0.10525,-0.352978,-0.124681,-0.246349,0.951679,-0.206862,-0.0671985,-0.978818,-0.966489,-0.947794,0.0748131,0.0163512,-0.00655944,-0.324549,-0.164259,-0.525188,-0.0363735,-0.0710462,0.0827269,-0.474661,-0.262682,-0.321264,-0.0910884,-0.0508972,-0.0473172,-0.425252,-0.564329,-0.504716,-0.223221,-0.345046,-0.223221,-0.345046,-0.318112,-0.252918,-0.232069,-0.405793,-0.516425,-0.556594,-0.334998,-0.140782,-0.358041,-0.361125,-0.172439,-0.248686,-0.299324,0.0971667,-0.00896302,-0.349561,-0.224542,-0.489244,-0.359239,-0.155618,-0.560377,-0.243964,-0.267214,-0.269942,-0.404339,-0.357741,-0.327879,-0.500928,-0.217765,-0.383156,-0.0938334,-0.219113,-0.159787,-0.317687,-0.463497,0.0790506,-0.271537,-0.236068,0.00553003,-0.458034,-0.473525,0.0489206,-0.575976,-0.564673,0.0756644
3,"WALKING_DOWNSTAIRS",0.287266,-0.0182846,-0.107113,-0.0576113,-0.0298618,-0.281269,0.949638,-0.17179,-0.0290917,-0.954993,-0.930781,-0.887501,0.0814078,0.000619634,-0.00750275,-0.16447,-0.157921,-0.513274,-0.0997275,-0.0448662,0.104696,-0.264038,-0.400762,-0.360235,-0.0687798,-0.045035,-0.0487355,-0.429278,-0.64344,-0.444022,-0.0486127,-0.0257419,-0.0486127,-0.0257419,-0.254671,-0.11087,-0.148403,-0.224834,-0.545304,-0.602767,-0.0783632,-0.0154998,-0.322688,-0.0515247,-0.100643,-0.315809,-0.402632,-0.0124454,-0.00103418,-0.171244,-0.185681,-0.456798,-0.234905,-0.186662,-0.569952,-0.272897,-0.39458,-0.215169,-0.203911,-0.433982,-0.281001,-0.291737,-0.387,-0.44951,-0.291642,-0.208555,-0.101008,0.0150668,-0.202953,-0.0210794,-0.0921984,-0.144592,-0.0507361,-0.346003,-0.283298,-0.121077,-0.599347,-0.636413,0.041578
3,"WALKING_UPSTAIRS",0.266374,-0.0286998,-0.117735,-0.332718,-0.061203,-0.162855,0.90885,-0.30097,-0.0891355,-0.949279,-0.912504,-0.884798,0.0507061,0.017021,0.0183726,-0.498757,-0.427565,-0.736539,0.0324863,-0.107135,0.0529646,-0.475853,-0.32133,-0.345158,-0.111791,-0.0264471,-0.0427927,-0.630707,-0.758771,-0.621511,-0.159699,-0.330354,-0.159699,-0.330354,-0.520614,-0.503401,-0.224811,-0.283293,-0.69027,-0.747598,-0.406891,-0.19361,-0.432693,-0.306787,-0.0584984,-0.10325,-0.528877,-0.222577,-0.401218,-0.516304,-0.445825,-0.709023,-0.525823,-0.447799,-0.762844,-0.387292,-0.497274,-0.538855,-0.435785,-0.495114,-0.372497,-0.494604,-0.241005,-0.399819,-0.245876,-0.498353,-0.302082,-0.360277,-0.419957,-0.152391,-0.484664,-0.53317,0.0176469,-0.480107,-0.291221,-0.323932,-0.746807,-0.766933,-0.00157995
4,"LAYING",0.273572,-0.0150032,-0.110688,-0.954194,-0.941714,-0.962667,-0.420665,0.915165,0.341531,-0.9212,-0.969817,-0.976177,0.0934494,0.00693313,-0.00641054,-0.978303,-0.942209,-0.978512,-0.00923156,-0.0930128,0.16972,-0.973102,-0.961109,-0.962074,-0.10502,-0.038123,-0.0712156,-0.975103,-0.986856,-0.983965,-0.954558,-0.931292,-0.954558,-0.931292,-0.970096,-0.960786,-0.930236,-0.947032,-0.985069,-0.982698,-0.958802,-0.938883,-0.967504,-0.952465,-0.946381,-0.962154,-0.274195,0.366231,0.20133,-0.978542,-0.94397,-0.975383,-0.980079,-0.944367,-0.980261,0.182436,0.0987429,0.0770211,-0.967204,-0.972188,-0.961479,-0.975095,-0.956183,-0.965807,-0.0660922,-0.52689,0.152886,-0.93939,-0.937188,0.241698,-0.962287,-0.958037,0.274027,-0.961557,-0.9471,-0.259852,-0.983609,-0.982544,0.202949
4,"SITTING",0.271538,-0.00716307,-0.105875,-0.98031,-0.890224,-0.932203,0.869303,0.211623,0.11012,-0.981405,-0.932727,-0.950949,0.07845,-0.0108582,-0.01215,-0.976742,-0.944596,-0.979039,-0.0494435,-0.0894301,0.10115,-0.970132,-0.958468,-0.927972,-0.0969495,-0.0418484,-0.0489964,-0.9699,-0.984441,-0.968805,-0.935695,-0.914408,-0.935695,-0.914408,-0.970132,-0.962549,-0.926063,-0.928898,-0.98049,-0.975807,-0.977462,-0.905783,-0.951784,-0.981908,-0.889467,-0.926999,0.0373818,0.078786,0.0120943,-0.976846,-0.944298,-0.975155,-0.978777,-0.949293,-0.981699,0.21302,-0.07529,0.0122456,-0.96059,-0.967584,-0.933777,-0.973333,-0.95412,-0.932868,0.109093,-0.394746,-0.145726,-0.929002,-0.919816,0.0280921,-0.962501,-0.961585,0.227198,-0.94877,-0.928851,-0.200085,-0.976548,-0.976262,0.0859342
4,"STANDING",0.2805,-0.00948911,-0.0961575,-0.976921,-0.861597,-0.896881,0.956198,-0.0759009,0.166894,-0.972908,-0.917613,-0.899405,0.0721328,-0.00653016,-0.021189,-0.972587,-0.938355,-0.973054,-0.0306449,-0.0618249,0.0755636,-0.909688,-0.949227,-0.909995,-0.103058,-0.0461257,-0.0490753,-0.949634,-0.976065,-0.957982,-0.906478,-0.890977,-0.906478,-0.890977,-0.963371,-0.958159,-0.900982,-0.885144,-0.967614,-0.964283,-0.973498,-0.889549,-0.931643,-0.978738,-0.85738,-0.887554,0.0621,-0.0669875,-0.0377823,-0.972311,-0.937624,-0.968648,-0.975707,-0.944075,-0.97623,0.272214,-0.126451,0.0711057,-0.905464,-0.955993,-0.915281,-0.912465,-0.945826,-0.916652,-0.27481,-0.364372,-0.223109,-0.917614,-0.89534,-0.102972,-0.956139,-0.960032,0.201262,-0.914209,-0.887194,-0.286128,-0.964471,-0.96643,0.060985
4,"WALKING",0.278582,-0.0148399,-0.111403,-0.44083,-0.0788267,-0.586253,0.964,-0.085854,0.127764,-0.983826,-0.967963,-0.962968,0.0783529,0.00295602,-0.000767679,-0.297043,-0.221165,-0.751391,-0.0317983,-0.0726905,0.0805677,-0.500917,-0.665394,-0.662608,-0.115322,-0.0393474,-0.0551167,-0.492341,-0.80742,-0.640454,-0.312051,-0.527679,-0.312051,-0.527679,-0.366701,-0.316919,-0.497792,-0.553116,-0.681304,-0.730146,-0.426719,-0.1494,-0.631005,-0.447235,-0.101799,-0.594198,-0.138592,0.0123477,-0.0787893,-0.358883,-0.279553,-0.728992,-0.297326,-0.2099,-0.772359,-0.13528,-0.385881,-0.325738,-0.373385,-0.68846,-0.601381,-0.542647,-0.654658,-0.716458,-0.127154,-0.274666,0.149852,-0.450805,-0.651173,0.382096,-0.318588,-0.320459,0.111486,-0.609286,-0.593937,0.0697301,-0.724327,-0.757768,0.265355
4,"WALKING_DOWNSTAIRS",0.279965,-0.00980201,-0.106778,0.0111935,-0.218598,-0.479186,0.947732,-0.0620853,0.148715,-0.955259,-0.932066,-0.937754,0.0971863,0.0056378,-0.00729138,-0.14576,-0.146242,-0.626647,-0.102839,-0.0704026,0.0592639,-0.370245,-0.699454,-0.498481,-0.0921283,-0.0348435,-0.0492836,-0.395995,-0.816858,-0.32578,-0.0491617,-0.0819559,-0.0491617,-0.0819559,-0.228851,-0.216859,-0.346606,-0.380573,-0.592843,-0.63708,-0.0722392,-0.129607,-0.494683,0.0390098,-0.322531,-0.512694,-0.342286,0.213582,0.0478376,-0.161633,-0.172942,-0.583917,-0.20825,-0.177202,-0.668867,-0.179115,-0.181293,-0.169702,-0.240299,-0.717546,-0.318306,-0.414919,-0.691518,-0.621658,-0.127145,-0.185486,0.377074,-0.0190743,-0.263644,0.101078,-0.175295,-0.280427,0.0926237,-0.429213,-0.457674,0.0600292,-0.621752,-0.685471,0.144437
4,"WALKING_UPSTAIRS",0.270877,-0.0319804,-0.114219,-0.204933,-0.0666899,-0.372138,0.946264,-0.232944,0.0841675,-0.958495,-0.923376,-0.919619,0.0560972,0.0234019,0.00340281,-0.380488,-0.281543,-0.726495,0.0393825,-0.0859472,0.0843754,-0.454431,-0.551186,-0.360811,-0.131472,-0.0390509,-0.0722496,-0.533667,-0.840723,-0.556237,-0.153704,-0.212012,-0.153704,-0.212012,-0.400922,-0.437261,-0.299779,-0.510974,-0.686978,-0.75527,-0.294488,-0.117109,-0.524656,-0.173217,-0.101434,-0.34511,-0.486812,-0.0662348,-0.230537,-0.418305,-0.297805,-0.690107,-0.396763,-0.314525,-0.762772,-0.379654,-0.392702,-0.319649,-0.371069,-0.68431,-0.350766,-0.483549,-0.489824,-0.424534,-0.206073,-0.491528,-0.130134,-0.276825,-0.301006,-0.108017,-0.397406,-0.497324,0.0497463,-0.575794,-0.55249,-0.150274,-0.740749,-0.794209,0.179517
5,"LAYING",0.278334,-0.0183042,-0.107938,-0.965935,-0.969296,-0.968563,-0.483471,0.95489,0.263645,-0.945695,-0.985964,-0.977077,0.0848165,0.00747461,-0.00304067,-0.983308,-0.96456,-0.985419,-0.0218935,-0.079871,0.159894,-0.979499,-0.977427,-0.960584,-0.102114,-0.0404447,-0.070831,-0.983422,-0.983759,-0.98968,-0.966778,-0.958613,-0.966778,-0.958613,-0.980141,-0.977477,-0.946938,-0.958288,-0.986419,-0.983771,-0.968742,-0.96542,-0.977008,-0.964954,-0.972909,-0.965882,-0.135632,0.466528,0.132311,-0.98269,-0.965329,-0.98325,-0.985625,-0.966243,-0.986136,0.239915,0.195677,0.0916939,-0.975797,-0.97825,-0.963203,-0.980706,-0.977258,-0.963306,-0.0227236,0.0681248,0.04136,-0.962235,-0.962525,0.292032,-0.977356,-0.976382,0.197005,-0.968257,-0.959263,0.102442,-0.984618,-0.983434,0.0247367
5,"SITTING",0.273694,-0.00990084,-0.10854,-0.980945,-0.904335,-0.926095,0.880731,0.168446,0.143007,-0.983138,-0.939943,-0.945009,0.0749577,-0.00278773,0.0033861,-0.975205,-0.952786,-0.973437,-0.0422355,-0.0835484,0.0823934,-0.966225,-0.950064,-0.940638,-0.0889748,-0.0454703,-0.0487715,-0.966037,-0.975434,-0.964879,-0.937978,-0.920939,-0.937978,-0.920939,-0.96932,-0.965758,-0.934302,-0.931415,-0.973848,-0.970393,-0.977451,-0.921435,-0.946064,-0.982591,-0.902292,-0.921844,-0.020933,0.068459,0.0403162,-0.976025,-0.954237,-0.969501,-0.976531,-0.954464,-0.976022,0.0757356,-0.131862,-0.0644961,-0.957117,-0.95546,-0.938003,-0.96939,-0.947571,-0.947346,0.125891,-0.187706,0.0966834,-0.936291,-0.925669,0.0586075,-0.96444,-0.966545,0.245937,-0.94476,-0.934747,-0.0057835,-0.971598,-0.970675,0.0812901
5,"STANDING",0.282544,-0.00700419,-0.102171,-0.968592,-0.86944,-0.869327,0.960189,-0.0387101,0.138638,-0.974088,-0.931974,-0.914608,0.072519,-0.0022199,-0.0122812,-0.962647,-0.931217,-0.963832,-0.0322712,-0.0509875,0.0690946,-0.910395,-0.933738,-0.907472,-0.092225,-0.0399108,-0.0422221,-0.94193,-0.961178,-0.944755,-0.906105,-0.879774,-0.906105,-0.879774,-0.956864,-0.942962,-0.900672,-0.867042,-0.958406,-0.947971,-0.964501,-0.890796,-0.915084,-0.970668,-0.867933,-0.858231,-0.0164067,-0.00894413,-0.0282875,-0.963059,-0.93137,-0.958439,-0.965779,-0.936203,-0.968072,0.150463,-0.143682,-0.0333637,-0.909662,-0.939374,-0.907191,-0.912781,-0.931858,-0.916789,-0.178598,-0.162945,-0.10918,-0.904641,-0.886745,-0.0169422,-0.941826,-0.943602,0.140972,-0.904544,-0.868914,-0.157769,-0.952286,-0.946196,-0.0393136
5,"WALKING",0.277842,-0.017285,-0.107742,-0.294099,0.0767484,-0.457021,0.972625,-0.10044,0.00247624,-0.979348,-0.961585,-0.964581,0.0845889,-0.0163194,8.32159e-05,-0.302891,-0.0910397,-0.612895,-0.048892,-0.0690135,0.0815435,-0.490877,-0.504622,-0.318701,-0.0888408,-0.044956,-0.048268,-0.357681,-0.571438,-0.157683,-0.158339,-0.377179,-0.158339,-0.377179,-0.288333,-0.282242,-0.355933,-0.492177,-0.444532,-0.4892,-0.287783,0.00946038,-0.490251,-0.297517,0.0426027,-0.48306,-0.322382,-0.00204051,0.024739,-0.344955,-0.181056,-0.590497,-0.32139,-0.0545214,-0.63343,-0.359373,-0.53405,-0.344151,-0.372669,-0.513952,-0.213127,-0.529393,-0.502683,-0.420367,-0.0458602,-0.019186,0.167458,-0.304992,-0.519637,0.149853,-0.269482,-0.305685,-0.00497288,-0.484263,-0.589742,0.250621,-0.548054,-0.455665,0.052733
5,"WALKING_DOWNSTAIRS",0.293544,-0.00850108,-0.10032,0.275046,0.0907631,-0.325891,0.956649,-0.0607578,0.0216778,-0.950491,-0.912363,-0.927193,0.109651,0.0137618,0.0213398,0.0322416,0.0473612,-0.522652,-0.0682946,-0.0707806,0.080656,-0.460647,-0.409134,-0.227869,-0.110149,-0.0708297,-0.0399657,-0.411302,-0.514591,-0.0344217,0.211139,0.205422,0.211139,0.205422,-0.0637529,-0.0292571,-0.21803,-0.360678,-0.397196,-0.450303,0.098432,0.0792281,-0.37474,0.336555,0.026827,-0.353398,-0.453525,0.0363662,-0.0043722,-0.0368012,-0.0568033,-0.49198,0.0110559,0.090172,-0.551178,-0.350912,-0.470995,-0.303523,-0.295345,-0.382483,-0.034175,-0.514941,-0.431553,-0.374705,-0.00892287,-0.00764242,0.211556,0.155742,0.0428534,-0.0137055,0.00918394,-0.0897357,0.110968,-0.349338,-0.484141,0.204634,-0.453697,-0.487128,0.0723815
5,"WALKING_UPSTAIRS",0.268459,-0.032527,-0.107471,-0.0457238,0.185022,-0.308939,0.936822,-0.265943,-0.0232035,-0.95358,-0.900512,-0.92142,0.0795443,0.014013,-0.025591,-0.223897,-0.125027,-0.638369,0.0395191,-0.117196,0.0424443,-0.443342,-0.440346,-0.265451,-0.14303,-0.0559896,-0.0534895,-0.305245,-0.631822,-0.282154,0.0435562,-0.136736,0.0435562,-0.136736,-0.247403,-0.310187,-0.235517,-0.354688,-0.473488,-0.557988,-0.161485,0.0728903,-0.457471,-0.0047382,0.165038,-0.289257,-0.427706,-0.122487,-0.135265,-0.289725,-0.196818,-0.606717,-0.225328,-0.105311,-0.668826,-0.397836,-0.577009,-0.339641,-0.263615,-0.516609,-0.139801,-0.501686,-0.403486,-0.380378,-0.0615803,-0.138064,0.0608133,-0.169262,-0.254092,-0.0204949,-0.264675,-0.378617,0.124513,-0.392565,-0.440445,-0.0234002,-0.571344,-0.572485,0.00578631
6,"LAYING",0.248657,-0.0102529,-0.13312,-0.934049,-0.924645,-0.925216,-0.47671,0.956594,0.175868,-0.887746,-0.959162,-0.928131,0.0963482,-0.00114529,0.00328817,-0.966341,-0.933674,-0.959646,-0.0079605,-0.107218,0.179102,-0.955378,-0.943635,-0.939142,-0.111267,-0.0424104,-0.0717775,-0.939612,-0.958629,-0.959579,-0.918879,-0.897326,-0.918879,-0.897326,-0.954751,-0.950342,-0.90898,-0.920914,-0.955646,-0.953157,-0.939114,-0.923707,-0.938045,-0.932463,-0.929711,-0.924005,-0.21973,0.348419,0.161458,-0.967072,-0.936043,-0.954426,-0.968619,-0.935717,-0.963568,0.0114732,-0.0222029,0.0784684,-0.93544,-0.941772,-0.932637,-0.962165,-0.945365,-0.947137,0.102549,0.0236568,0.0445226,-0.912352,-0.905374,0.144605,-0.948655,-0.951553,0.182525,-0.930154,-0.928695,0.119318,-0.953696,-0.955505,0.163765
6,"SITTING",0.276778,-0.0145912,-0.110128,-0.980165,-0.923682,-0.925797,0.933693,0.0682629,0.069522,-0.988872,-0.960876,-0.955476,0.0754722,2.5565e-06,0.00623728,-0.969929,-0.945144,-0.958573,-0.0372442,-0.0899083,0.0854346,-0.957368,-0.94413,-0.939681,-0.0936694,-0.0333987,-0.0465504,-0.943715,-0.961781,-0.958788,-0.949544,-0.931573,-0.949544,-0.931573,-0.962734,-0.948182,-0.932704,-0.921259,-0.962929,-0.950151,-0.975351,-0.928264,-0.935798,-0.982451,-0.925677,-0.925768,0.00304695,0.123382,0.0818455,-0.971037,-0.947071,-0.9542,-0.971489,-0.94688,-0.961637,0.0999401,-0.150934,-0.0913485,-0.939671,-0.943857,-0.934765,-0.963407,-0.944901,-0.947327,0.13941,-0.129239,0.0438104,-0.93575,-0.939547,0.128902,-0.948349,-0.947305,0.171845,-0.929726,-0.929549,0.0461736,-0.952035,-0.951197,0.121847
6,"STANDING",0.280346,-0.0181236,-0.112173,-0.981758,-0.921493,-0.925692,0.945139,-0.230251,0.0139193,-0.985583,-0.968449,-0.942795,0.07307,0.00871884,-0.00481712,-0.973133,-0.949362,-0.967547,-0.0282519,-0.0589824,0.0767395,-0.947561,-0.942487,-0.947782,-0.103293,-0.0428828,-0.0506432,-0.946424,-0.962422,-0.962758,-0.945023,-0.93931,-0.945023,-0.93931,-0.967102,-0.956099,-0.939405,-0.915892,-0.963406,-0.952536,-0.9771,-0.930336,-0.942864,-0.984067,-0.921449,-0.922067,0.0664522,-0.086632,0.0208815,-0.973481,-0.951405,-0.963744,-0.975236,-0.950681,-0.969896,0.186559,-0.251014,-0.071534,-0.931612,-0.943273,-0.94324,-0.952817,-0.942539,-0.954456,-0.114716,-0.195978,-0.0778747,-0.94595,-0.944564,0.0373542,-0.955914,-0.955382,0.190944,-0.926664,-0.923109,-0.0701197,-0.955425,-0.952088,0.0276253
6,"WALKING",0.283659,-0.0168954,-0.110303,-0.296539,0.164214,-0.504324,0.958067,-0.214695,0.0331889,-0.97778,-0.964249,-0.957205,0.0699586,-0.0164832,-0.00738931,-0.132785,0.00808897,-0.575777,-0.0255096,-0.0744462,0.0838809,-0.446021,-0.331702,-0.383139,-0.0878891,-0.0362309,-0.0539597,-0.182601,-0.41639,-0.166684,-0.166841,-0.266734,-0.166841,-0.266734,-0.195117,-0.070603,-0.281208,-0.365603,-0.32129,-0.364708,-0.187934,0.140782,-0.49852,-0.345228,0.1017,-0.550475,-0.196842,0.0220734,0.185107,-0.150943,-0.0753742,-0.541439,-0.192695,0.0314451,-0.608624,-0.178295,-0.466306,-0.104129,-0.239651,-0.341378,-0.203575,-0.515324,-0.332009,-0.512209,0.091241,0.0416268,0.302875,-0.201387,-0.421683,0.20009,-0.0554014,-0.0965,-0.00922885,-0.329681,-0.510648,0.29311,-0.366501,-0.408079,0.100925
6,"WALKING_DOWNSTAIRS",0.277045,-0.0195368,-0.107209,0.383682,0.360165,-0.320204,0.928531,-0.214046,-0.00307982,-0.954406,-0.933578,-0.934379,0.103681,0.00987686,-0.00932471,0.165271,0.276544,-0.336817,-0.0960837,-0.0341782,0.0870013,-0.198304,-0.18923,-0.0940798,-0.0256452,-0.076809,-0.0372229,0.0393388,-0.193508,0.193206,0.333755,0.373612,0.333755,0.373612,0.103845,0.209502,0.0142678,-0.0426277,-0.0829367,-0.111228,0.328309,0.339771,-0.277603,0.40337,0.283248,-0.406014,-0.411649,0.0219112,0.306253,0.136555,0.137202,-0.283086,0.0886515,0.341242,-0.389057,-0.315758,-0.484344,-0.0348254,0.0633716,-0.130327,0.152845,-0.286725,-0.235471,-0.275667,0.00150447,0.151126,0.302964,0.395958,0.144623,0.106479,0.243834,0.154809,-0.00160659,-0.0143735,-0.242354,0.230693,-0.132705,-0.145734,0.0369463
6,"WALKING_UPSTAIRS",0.268229,-0.0272425,-0.122082,-0.050135,0.189276,-0.35352,0.913632,-0.340733,-0.0184609,-0.959399,-0.912901,-0.906196,0.0721067,0.00371343,-0.00237817,-0.180301,-0.0413995,-0.560831,-0.0767407,-0.0518982,0.0664234,-0.321974,-0.3158,-0.1839,-0.0652024,-0.0457705,-0.05768,-0.186763,-0.486494,-0.170815,0.0177791,-0.0791509,0.0177791,-0.0791509,-0.20738,-0.16997,-0.129121,-0.199894,-0.342895,-0.44008,-0.131075,0.0978035,-0.427248,-0.0211336,0.159124,-0.365874,-0.445121,-0.094883,-0.0667868,-0.244813,-0.122992,-0.549315,-0.186815,-0.0169811,-0.571674,-0.441959,-0.50117,-0.401684,-0.115065,-0.329654,-0.0464142,-0.390248,-0.313619,-0.309998,-0.055914,-0.129471,0.0102928,-0.0819479,-0.222161,-0.0140154,-0.169868,-0.177735,-0.0612378,-0.230627,-0.318174,0.0144807,-0.459236,-0.455938,0.0285054
7,"LAYING",0.250177,-0.0204412,-0.101361,-0.936514,-0.926263,-0.952978,-0.502814,0.393444,0.907538,-0.914221,-0.955544,-0.961909,0.0968904,0.0250624,-0.0131654,-0.980978,-0.973093,-0.972983,-0.00282642,-0.133606,0.15592,-0.960127,-0.945072,-0.955295,-0.105944,-0.0358897,-0.0671902,-0.973837,-0.976484,-0.988872,-0.936392,-0.90704,-0.936392,-0.90704,-0.980127,-0.967311,-0.915794,-0.918662,-0.983009,-0.971205,-0.953424,-0.942194,-0.958612,-0.931121,-0.922918,-0.953381,-0.635913,-0.0438293,0.237112,-0.980393,-0.972532,-0.969525,-0.98356,-0.975886,-0.975073,0.0207159,-0.0451343,0.0945606,-0.953685,-0.95757,-0.956905,-0.962348,-0.939728,-0.958876,-0.139745,-0.453726,0.0144683,-0.927977,-0.910542,-0.129091,-0.968066,-0.965359,0.217605,-0.941131,-0.918893,-0.265784,-0.974118,-0.969403,0.104423
7,"SITTING",0.284675,-0.014611,-0.122465,-0.972668,-0.909455,-0.856533,0.969148,0.00608847,0.0649636,-0.957082,-0.945436,-0.868603,0.066852,0.0116863,0.0162004,-0.982158,-0.969459,-0.972256,-0.049638,-0.033612,0.0259477,-0.941871,-0.944124,-0.937021,-0.0938156,-0.0396445,-0.0454566,-0.974369,-0.981025,-0.980955,-0.918432,-0.881958,-0.918432,-0.881958,-0.97656,-0.970243,-0.897871,-0.898063,-0.981665,-0.976214,-0.972697,-0.931491,-0.904675,-0.97288,-0.904629,-0.844083,-0.0334312,0.0147167,-0.101766,-0.982037,-0.969424,-0.968504,-0.984026,-0.971815,-0.974699,0.180133,-0.0815021,-0.0857528,-0.943632,-0.956678,-0.94742,-0.942726,-0.938245,-0.939826,-0.0716302,-0.308762,-0.018774,-0.908957,-0.886916,-0.011233,-0.970954,-0.968495,0.18123,-0.933082,-0.895805,-0.142831,-0.978635,-0.974966,0.0553639
7,"STANDING",0.282724,-0.014574,-0.0997778,-0.979308,-0.923401,-0.917064,0.958729,-0.117607,-0.0516574,-0.987918,-0.966163,-0.939161,0.0751915,0.006947,-0.010842,-0.976404,-0.965811,-0.97206,-0.0291582,-0.0774336,0.0851045,-0.945248,-0.949647,-0.951631,-0.090154,-0.0412798,-0.054539,-0.965983,-0.976838,-0.978167,-0.942725,-0.93359,-0.942725,-0.93359,-0.973381,-0.968566,-0.943426,-0.918439,-0.977377,-0.972108,-0.976682,-0.941884,-0.938551,-0.980541,-0.919119,-0.912359,-0.0797047,-0.15973,0.00098894,-0.976323,-0.967165,-0.96823,-0.978729,-0.96685,-0.974534,0.0987749,-0.18848,-0.0891602,-0.938122,-0.957549,-0.957165,-0.947892,-0.945818,-0.954339,-0.188058,-0.298449,-0.188117,-0.945611,-0.937288,-0.0288452,-0.967418,-0.969092,0.256759,-0.938705,-0.919848,-0.187182,-0.973671,-0.971899,0.0954707
7,"WALKING",0.275593,-0.0186537,-0.110912,-0.327243,-0.0772619,0.159631,0.932566,-0.159097,-0.160847,-0.979851,-0.969404,-0.95216,0.0901463,0.0184323,-0.0210399,-0.346026,-0.0547449,-0.149489,0.00228835,-0.0837114,0.0641105,-0.503314,-0.231098,-0.396014,-0.123654,-0.0447766,-0.0495713,-0.211667,-0.174136,-0.458303,-0.097809,-0.198555,-0.097809,-0.198555,-0.192949,-0.0275573,-0.305959,-0.198283,-0.300023,-0.0953401,-0.343048,-0.0641564,0.0385832,-0.322035,-0.143722,0.133317,-0.313727,0.160434,0.12463,-0.383716,-0.123193,-0.10649,-0.365315,-0.0431917,-0.190752,-0.284587,-0.287014,-0.244832,-0.318395,-0.151967,-0.366734,-0.563615,-0.290859,-0.46327,0.111913,0.273141,0.0143564,-0.151244,-0.351707,0.172998,-0.0384187,-0.0221384,-0.0127446,-0.19291,-0.343895,0.300316,-0.15534,-0.0841664,0.00088034
7,"WALKING_DOWNSTAIRS",0.280307,-0.0166332,-0.0969383,0.0660816,-0.138179,-0.0636402,0.930624,-0.129872,-0.154936,-0.964876,-0.952679,-0.928756,0.0968926,-0.0191061,-0.016039,0.0285034,-0.29628,-0.347108,-0.10541,-0.0497175,0.116895,-0.407744,-0.292626,-0.401051,-0.0597274,-0.0381904,-0.0789469,-0.510731,-0.29952,-0.4252,0.0198795,0.214544,0.0198795,0.214544,-0.17032,0.0901836,-0.188741,-0.259752,-0.39923,-0.294779,0.0443428,-0.145302,-0.139216,0.0730111,-0.190187,-0.100121,-0.365651,-0.0314737,0.0824424,-0.0305227,-0.316237,-0.296495,-0.00426289,-0.324379,-0.397775,-0.333627,-0.414196,-0.382024,-0.339301,-0.214443,-0.2996,-0.432731,-0.351718,-0.49512,-0.219868,0.200566,0.00763719,0.218911,0.0214441,0.00380298,0.0673899,0.107857,-0.0373844,-0.255045,-0.39691,0.235201,-0.289097,-0.353545,0.0819464
7,"WALKING_UPSTAIRS",0.248707,-0.0275639,-0.14377,-0.294873,-0.32616,-0.145665,0.818747,-0.240951,-0.4036,-0.932823,-0.939774,-0.881676,0.072465,-0.000812387,-7.45197e-05,-0.415153,-0.519898,-0.607808,-0.138778,-0.00247162,0.139217,-0.363853,-0.572997,-0.34898,-0.0856641,-0.0482219,-0.0724517,-0.616813,-0.671244,-0.682184,-0.198074,-0.334745,-0.198074,-0.334745,-0.458695,-0.471266,-0.239099,-0.418145,-0.66197,-0.676428,-0.336199,-0.381591,-0.317461,-0.27987,-0.341026,-0.124912,-0.432685,-0.135079,-0.273731,-0.454648,-0.537076,-0.581765,-0.426974,-0.534191,-0.63192,-0.391183,-0.425314,-0.627555,-0.383889,-0.56792,-0.40815,-0.368637,-0.579965,-0.393063,-0.329346,-0.0541175,-0.346106,-0.378619,-0.415307,-0.0892278,-0.454783,-0.497441,0.0458636,-0.533983,-0.444994,-0.165201,-0.673327,-0.704091,0.0473349
8,"LAYING",0.261254,-0.0212282,-0.102245,-0.943041,-0.934891,-0.932491,-0.40593,0.589922,0.719832,-0.918873,-0.95799,-0.941836,0.0878327,0.0233299,-0.0169219,-0.973253,-0.976521,-0.966088,0.00535361,-0.0891374,0.138188,-0.965204,-0.952039,-0.96759,-0.106445,-0.0389735,-0.0694123,-0.969924,-0.974186,-0.987601,-0.935309,-0.91325,-0.935309,-0.91325,-0.973147,-0.962955,-0.924253,-0.932471,-0.978438,-0.969029,-0.953539,-0.951817,-0.94427,-0.940125,-0.931237,-0.931146,-0.307248,0.00539754,0.192436,-0.973111,-0.975877,-0.962111,-0.97596,-0.979171,-0.968699,0.164984,0.00667286,0.120249,-0.957904,-0.957411,-0.967461,-0.967846,-0.950316,-0.970672,-0.105591,-0.19988,0.213568,-0.93228,-0.917258,0.0484988,-0.961793,-0.963791,0.350823,-0.944529,-0.936787,-0.0620564,-0.968404,-0.971793,0.219371
8,"SITTING",0.267491,-0.00672551,-0.104461,-0.979026,-0.927332,-0.939553,0.832454,0.240095,0.263895,-0.966758,-0.937462,-0.935475,0.0786714,-0.00657516,-0.0106809,-0.985189,-0.980785,-0.985286,-0.0547397,-0.0955089,0.0716049,-0.984524,-0.971501,-0.959624,-0.092315,-0.0402674,-0.0445732,-0.993265,-0.988876,-0.985241,-0.95214,-0.929944,-0.95214,-0.929944,-0.986062,-0.980667,-0.932682,-0.953002,-0.991807,-0.986757,-0.981143,-0.94422,-0.959436,-0.978257,-0.92383,-0.93389,-0.164187,0.107278,0.0600485,-0.984977,-0.980221,-0.982995,-0.986914,-0.983039,-0.986185,0.227829,0.0527157,0.00883768,-0.9822,-0.97659,-0.961799,-0.985339,-0.968924,-0.962632,0.116742,-0.261139,-0.0430177,-0.947982,-0.931721,0.121543,-0.980932,-0.97932,0.306788,-0.965807,-0.953251,-0.141126,-0.987731,-0.986147,0.166639
8,"STANDING",0.279621,-0.0148113,-0.106115,-0.988815,-0.938479,-0.926065,0.95767,-0.0904603,-0.0979392,-0.98769,-0.958904,-0.918294,0.0753739,0.00814952,0.00322153,-0.989199,-0.976442,-0.982611,-0.0219672,-0.0280118,0.0636889,-0.97299,-0.969421,-0.974118,-0.0977576,-0.0485191,-0.0478483,-0.981573,-0.985509,-0.989271,-0.953763,-0.937187,-0.953763,-0.937187,-0.984921,-0.979932,-0.952848,-0.953225,-0.987581,-0.98246,-0.98822,-0.950049,-0.950363,-0.989184,-0.936232,-0.919745,0.0231156,0.0771843,0.121181,-0.989029,-0.976178,-0.979477,-0.990414,-0.978582,-0.984466,0.267296,-0.0598196,0.0692831,-0.969677,-0.972595,-0.975512,-0.974201,-0.968055,-0.975976,-0.154243,-0.197393,0.0222011,-0.953746,-0.938628,0.110647,-0.979746,-0.979135,0.308061,-0.964564,-0.95412,-0.10878,-0.983709,-0.981832,0.179174
8,"WALKING",0.274686,-0.0186629,-0.107252,-0.173606,0.380782,-0.142089,0.913586,-0.217102,-0.186268,-0.974752,-0.956782,-0.95664,0.0703393,-0.00603948,-0.000673799,-0.258689,0.233988,-0.383201,0.0235088,-0.0957918,0.0509658,-0.19921,-0.211997,-0.0754448,-0.135886,-0.0314881,-0.0522684,-0.246083,-0.428056,-0.388447,0.0516786,-0.180407,0.0516786,-0.180407,-0.0668322,-0.184571,-0.00310244,-0.238747,-0.339129,-0.502957,-0.247389,0.316982,-0.238635,-0.148387,0.324845,-0.158437,-0.380892,0.00356164,0.111947,-0.311199,0.0796833,-0.361563,-0.271448,0.315884,-0.404483,-0.345898,-0.419278,-0.247485,-0.102063,-0.25973,-0.132902,-0.234252,-0.190806,-0.142974,-0.176032,-0.102882,-0.218801,-0.0952173,-0.360819,0.204081,-0.123834,-0.276436,0.17619,-0.301242,-0.32746,0.0890006,-0.473026,-0.58124,0.29459
8,"WALKING_DOWNSTAIRS",0.283484,-0.0211059,-0.107598,0.0241393,0.343826,0.133717,0.914023,-0.18761,-0.141818,-0.945767,-0.941581,-0.89719,0.118938,-0.0380194,-0.0394356,0.250144,0.288141,-0.0135136,-0.12119,-0.050076,0.114144,-0.258431,0.0243131,-0.129565,-0.0349283,-0.053497,-0.0867903,-0.267888,-0.0704527,-0.189604,0.176599,0.131338,0.176599,0.131338,0.262628,0.253408,0.099343,-0.0466292,-0.126189,-0.157485,0.13659,0.388413,0.15959,-0.0260463,0.232184,0.0214915,-0.200758,0.0511555,0.223078,0.214841,0.22064,0.0586097,0.172659,0.273944,-0.0846674,-0.170998,-0.337651,-0.180391,-0.13074,0.116091,0.0277498,-0.302735,-0.0461356,-0.268253,-0.177173,0.0716794,-0.0051304,0.301627,-0.156141,0.229145,0.331528,0.134735,0.181423,-0.00036273,-0.25559,0.267676,-0.12518,-0.262984,0.242844
8,"WALKING_UPSTAIRS",0.25888,-0.0282415,-0.115122,-0.171712,0.348769,0.121187,0.860369,-0.291341,-0.192307,-0.926673,-0.931032,-0.876169,0.0813817,0.0141206,-0.0674584,-0.186619,-0.0123501,-0.447518,0.192704,-0.204205,-0.0724546,-0.367428,-0.0666981,0.337526,-0.155446,-0.0279196,-0.053409,-0.405071,-0.424676,-0.430367,0.121027,-0.2272,0.121027,-0.2272,-0.141495,-0.228296,0.166448,-0.109328,-0.400664,-0.493975,-0.166411,0.263431,-0.0729497,-0.175285,0.305401,0.133766,-0.290118,-0.100254,-0.191853,-0.200277,-0.0257953,-0.386656,-0.247337,-0.0700821,-0.508248,-0.11599,-0.34403,-0.368783,-0.240261,-0.113162,0.165974,-0.409956,-0.0478803,0.263203,-0.221045,-0.184404,-0.296235,-0.130265,-0.409283,0.207071,-0.131851,-0.379266,0.274549,-0.229611,-0.183326,-0.128115,-0.463271,-0.575733,0.251663
9,"LAYING",0.275846,-0.0205268,-0.10755,-0.942333,-0.916293,-0.940707,-0.580253,-0.119154,0.957873,-0.921821,-0.969994,-0.971205,0.0880734,0.0115617,-0.00705368,-0.96474,-0.963997,-0.958562,-0.013632,-0.158903,0.101275,-0.942247,-0.926619,-0.961595,-0.103847,-0.0275523,-0.056949,-0.945329,-0.96217,-0.977076,-0.930868,-0.915127,-0.930868,-0.915127,-0.963375,-0.955027,-0.907125,-0.898558,-0.964525,-0.952802,-0.946865,-0.934367,-0.945919,-0.940981,-0.912837,-0.941971,-0.445963,-0.215337,0.178107,-0.964304,-0.964083,-0.955909,-0.968601,-0.966634,-0.959715,-0.0850309,-0.227094,-0.0943744,-0.930298,-0.93458,-0.959815,-0.946389,-0.923132,-0.965686,-0.230699,-0.321207,-0.0551254,-0.926604,-0.92193,-0.0856091,-0.954321,-0.955095,0.167003,-0.918605,-0.903401,-0.206344,-0.955806,-0.95229,-0.0162014
9,"SITTING",0.264271,-0.0270168,-0.0753785,-0.957228,-0.875141,-0.832002,0.916325,-0.0414258,0.155884,-0.95528,-0.946452,-0.885854,0.077005,0.0098174,-0.00867467,-0.964536,-0.956778,-0.961889,-0.0423289,-0.0414271,0.0807919,-0.95902,-0.919188,-0.930177,-0.0930708,-0.0466634,-0.0528415,-0.964532,-0.971927,-0.968739,-0.893362,-0.863756,-0.893362,-0.863756,-0.964384,-0.95178,-0.903236,-0.906606,-0.973364,-0.966361,-0.959414,-0.911683,-0.892201,-0.956903,-0.867614,-0.818002,-0.109384,-0.120093,-0.131749,-0.965596,-0.958007,-0.957527,-0.96666,-0.958523,-0.964941,0.020398,-0.271901,-0.267666,-0.950315,-0.939693,-0.940312,-0.961836,-0.910583,-0.934187,-0.128144,-0.35974,-0.173242,-0.897718,-0.869173,-0.0806134,-0.95305,-0.949395,0.09747,-0.934438,-0.906471,-0.19597,-0.968316,-0.965997,0.0315349
9,"STANDING",0.28231,-0.0200455,-0.0952747,-0.975741,-0.938636,-0.919296,0.961324,-0.0103838,0.14068,-0.989103,-0.972574,-0.932245,0.0760032,0.01307,-0.00470079,-0.969973,-0.963849,-0.970584,-0.0291831,-0.0608102,0.0992409,-0.921991,-0.946047,-0.93989,-0.0958977,-0.04192,-0.0575743,-0.949106,-0.975037,-0.969726,-0.945167,-0.936105,-0.945167,-0.936105,-0.969525,-0.963764,-0.92103,-0.908291,-0.969824,-0.965287,-0.971663,-0.944849,-0.941687,-0.977579,-0.93879,-0.913897,-0.105712,-0.00378722,0.000165424,-0.971314,-0.962624,-0.967129,-0.971279,-0.968235,-0.972589,-0.0235041,-0.0981894,-0.128068,-0.916974,-0.954514,-0.94151,-0.924739,-0.941951,-0.944943,-0.222858,-0.34896,-0.165761,-0.94633,-0.940266,0.0235739,-0.963243,-0.963593,0.200538,-0.929769,-0.91091,-0.174954,-0.967492,-0.964771,0.0243651
9,"WALKING",0.278503,-0.0180892,-0.110821,-0.238354,-0.201697,-0.0579636,0.951867,-0.0314342,0.127851,-0.980972,-0.971242,-0.955524,0.0704357,0.0212256,0.00414763,-0.206734,-0.27693,-0.409765,-0.0808361,-0.0625599,0.11163,-0.476164,-0.467054,-0.265684,-0.0809204,-0.0356283,-0.0633407,-0.526985,-0.5492,-0.457881,-0.098084,-0.379429,-0.098084,-0.379429,-0.203734,-0.317113,-0.294542,-0.489726,-0.510254,-0.599866,-0.294711,-0.257678,-0.250806,-0.21802,-0.223973,-0.0337965,-0.310728,0.0213195,0.0237832,-0.314265,-0.367707,-0.399541,-0.170228,-0.22838,-0.419104,-0.378291,-0.389047,-0.36657,-0.383676,-0.436906,-0.240223,-0.507405,-0.49099,-0.342367,-0.200625,0.0164816,-0.152104,-0.318801,-0.513892,0.161673,-0.316871,-0.322338,0.15924,-0.513797,-0.562715,0.127416,-0.602582,-0.624352,0.243222
9,"WALKING_DOWNSTAIRS",0.295923,-0.0203994,-0.0910279,0.213392,-0.208311,-0.0077153,0.938418,-0.0352305,0.108995,-0.952141,-0.936307,-0.876641,0.130193,-0.0206866,0.00262569,0.0176233,-0.309442,-0.359513,-0.0916383,-0.0712599,0.116804,-0.396429,-0.340765,-0.279685,-0.0945912,-0.0597608,-0.0678081,-0.509669,-0.448602,-0.41724,0.145886,0.26512,0.145886,0.26512,-0.162376,0.0399078,-0.168921,-0.322331,-0.469028,-0.455855,0.103129,-0.18312,-0.103706,0.250489,-0.273561,-0.0349495,-0.440634,0.0625058,-0.0424267,-0.0645354,-0.313643,-0.293678,0.00938224,-0.355982,-0.425377,-0.434022,-0.232043,-0.330318,-0.325043,-0.312512,-0.250687,-0.423559,-0.364283,-0.356561,-0.165224,-0.00351697,-0.115192,0.222204,0.0888672,-0.0498274,0.00716878,0.0705526,-0.0824505,-0.34754,-0.424171,0.0656782,-0.463172,-0.485159,0.132021
9,"WALKING_UPSTAIRS",0.262436,-0.0195101,-0.125219,-0.361444,-0.302206,-0.253434,0.902648,-0.0377948,0.26601,-0.954384,-0.901317,-0.894071,0.0692266,0.00126612,0.00766047,-0.335292,-0.586147,-0.647296,-0.163967,-0.0412588,0.145695,-0.343977,-0.400859,-0.138176,-0.068469,-0.0302797,-0.0236328,-0.66042,-0.708605,-0.657114,-0.260728,-0.400222,-0.260728,-0.400222,-0.440668,-0.445485,-0.0833234,-0.42584,-0.672841,-0.748651,-0.342736,-0.405023,-0.38471,-0.369816,-0.297641,-0.244082,-0.34122,-0.247086,-0.215204,-0.402045,-0.608499,-0.615126,-0.327422,-0.590113,-0.677831,-0.427211,-0.529276,-0.547022,-0.313942,-0.499159,-0.327699,-0.361626,-0.352033,-0.165555,-0.284882,-0.414946,-0.507491,-0.37289,-0.509929,-0.00195427,-0.419533,-0.484936,0.0257597,-0.531483,-0.456841,-0.259963,-0.734159,-0.787782,0.136001
